{
  "manifest": {
    "publishingInformation": {
      "locales": {
        "en-IN": {
          "summary": "Control devices using OM2M",
          "examplePhrases": [
            "Alexa, ask smart control to turn on lights",
            "Alexa, ask smart control to turn on AC",
            "Alexa, ask smart control to set temperature to 25 degrees"
          ],
          "keywords": [],
          "name": "Smart Control OM2M",
          "description": "Control devices using OM2M",
          "smallIconUri": "file://assets/images/en-IN_smallIconUri.png",
          "largeIconUri": "file://assets/images/en-IN_largeIconUri.png"
        }
      },
      "automaticDistribution": {
        "isActive": false
      },
      "isAvailableWorldwide": true,
      "testingInstructions": "Sample Testing Instructions.",
      "category": "SMART_HOME",
      "distributionMode": "PUBLIC",
      "distributionCountries": []
    },
    "apis": {
      "custom": {
        "endpoint": {
          "uri": "arn:aws:lambda:eu-west-1:864666551085:function:a577d0d2-12bb-43a9-acb3-47411b0b2f4d:Release_0"
        },
        "interfaces": [],
        "regions": {
          "EU": {
            "endpoint": {
              "uri": "arn:aws:lambda:eu-west-1:864666551085:function:a577d0d2-12bb-43a9-acb3-47411b0b2f4d:Release_0"
            }
          },
          "NA": {
            "endpoint": {
              "uri": "arn:aws:lambda:us-east-1:864666551085:function:a577d0d2-12bb-43a9-acb3-47411b0b2f4d:Release_0"
            }
          },
          "FE": {
            "endpoint": {
              "uri": "arn:aws:lambda:us-west-2:864666551085:function:a577d0d2-12bb-43a9-acb3-47411b0b2f4d:Release_0"
            }
          }
        }
      }
    },
    "manifestVersion": "1.0",
    "permissions": [
      {
        "name": "alexa::devices:all:address:full:read"
      }
    ],
    "privacyAndCompliance": {
      "allowsPurchases": false,
      "locales": {
        "en-IN": {
          "privacyPolicyUrl": "https://amazon.in/privacy"
        }
      },
      "containsAds": false,
      "isExportCompliant": true,
      "isChildDirected": false,
      "usesPersonalInfo": false
    }
  }
}