{
  "interactionModel": {
    "languageModel": {
      "invocationName": "smart control",
      "intents": [
        {
          "name": "AMAZON.CancelIntent",
          "samples": []
        },
        {
          "name": "AMAZON.HelpIntent",
          "samples": []
        },
        {
          "name": "AMAZON.StopIntent",
          "samples": []
        },
        {
          "name": "AMAZON.NavigateHomeIntent",
          "samples": []
        },
        {
          "name": "ACTemperatureIntent",
          "slots": [
            {
              "name": "Temperature",
              "type": "AMAZON.NUMBER"
            }
          ],
          "samples": [
            "Set to {Temperature} degrees",
            "Set temperature to {Temperature} degrees",
            "Set AC to {Temperature} degrees",
            "Set the AC to {Temperature}",
            "Set the Temperature to {Temperature}"
          ]
        },
        {
          "name": "AMAZON.FallbackIntent",
          "samples": []
        },
        {
          "name": "ACOnIntent",
          "slots": [],
          "samples": [
            "Turn AC on",
            "Switch AC on",
            "Switch the AC on",
            "Switch on the AC",
            "Switch on AC",
            "Turn on AC",
            "Turn the AC on",
            "Turn on the AC"
          ]
        },
        {
          "name": "ACOffIntent",
          "slots": [],
          "samples": [
            "Turn AC off",
            "Switch AC off",
            "Switch the AC off",
            "Turn the AC off",
            "Switch off the AC",
            "Switch off AC",
            "Turn off AC",
            "Turn off the AC"
          ]
        },
        {
          "name": "LightOffIntent",
          "slots": [],
          "samples": [
            "Switch lights off",
            "Turn lights off",
            "Switch the lights off",
            "Turn the lights off",
            "Switch off the lights",
            "Switch off lights",
            "Turn off the lights",
            "Turn off lights"
          ]
        },
        {
          "name": "LightOnIntent",
          "slots": [],
          "samples": [
            "Switch on the lights",
            "Turn on the lights",
            "Switch on lights",
            "Turn on lights",
            "Turn the lights on",
            "Turn lights on",
            "Switch lights on",
            "Switch the lights on"
          ]
        }
      ],
      "types": []
    }
  },
  "version": "8"
}